data/nyu_datasets/01226.jpg,data/nyu_datasets/01226.png
data/nyu_datasets/01038.jpg,data/nyu_datasets/01038.png
data/nyu_datasets/00341.jpg,data/nyu_datasets/00341.png
data/nyu_datasets/01047.jpg,data/nyu_datasets/01047.png
data/nyu_datasets/01328.jpg,data/nyu_datasets/01328.png
data/nyu_datasets/01154.jpg,data/nyu_datasets/01154.png
data/nyu_datasets/00683.jpg,data/nyu_datasets/00683.png
data/nyu_datasets/01064.jpg,data/nyu_datasets/01064.png
data/nyu_datasets/00220.jpg,data/nyu_datasets/00220.png
data/nyu_datasets/01023.jpg,data/nyu_datasets/01023.png
data/nyu_datasets/00796.jpg,data/nyu_datasets/00796.png
data/nyu_datasets/00750.jpg,data/nyu_datasets/00750.png
data/nyu_datasets/00871.jpg,data/nyu_datasets/00871.png
data/nyu_datasets/00932.jpg,data/nyu_datasets/00932.png
data/nyu_datasets/00323.jpg,data/nyu_datasets/00323.png
data/nyu_datasets/00391.jpg,data/nyu_datasets/00391.png
data/nyu_datasets/00858.jpg,data/nyu_datasets/00858.png
data/nyu_datasets/00842.jpg,data/nyu_datasets/00842.png
data/nyu_datasets/00572.jpg,data/nyu_datasets/00572.png
data/nyu_datasets/00974.jpg,data/nyu_datasets/00974.png
data/nyu_datasets/00104.jpg,data/nyu_datasets/00104.png
data/nyu_datasets/00250.jpg,data/nyu_datasets/00250.png
data/nyu_datasets/00693.jpg,data/nyu_datasets/00693.png
data/nyu_datasets/00655.jpg,data/nyu_datasets/00655.png
data/nyu_datasets/01159.jpg,data/nyu_datasets/01159.png
data/nyu_datasets/01175.jpg,data/nyu_datasets/01175.png
data/nyu_datasets/01059.jpg,data/nyu_datasets/01059.png
data/nyu_datasets/00371.jpg,data/nyu_datasets/00371.png
data/nyu_datasets/01243.jpg,data/nyu_datasets/01243.png
data/nyu_datasets/00711.jpg,data/nyu_datasets/00711.png
data/nyu_datasets/00353.jpg,data/nyu_datasets/00353.png
data/nyu_datasets/00855.jpg,data/nyu_datasets/00855.png
data/nyu_datasets/00287.jpg,data/nyu_datasets/00287.png
data/nyu_datasets/01309.jpg,data/nyu_datasets/01309.png
data/nyu_datasets/00153.jpg,data/nyu_datasets/00153.png
data/nyu_datasets/01438.jpg,data/nyu_datasets/01438.png
data/nyu_datasets/01422.jpg,data/nyu_datasets/01422.png
data/nyu_datasets/00154.jpg,data/nyu_datasets/00154.png
data/nyu_datasets/01363.jpg,data/nyu_datasets/01363.png
data/nyu_datasets/00182.jpg,data/nyu_datasets/00182.png
data/nyu_datasets/01426.jpg,data/nyu_datasets/01426.png
data/nyu_datasets/01232.jpg,data/nyu_datasets/01232.png
data/nyu_datasets/00968.jpg,data/nyu_datasets/00968.png
data/nyu_datasets/00418.jpg,data/nyu_datasets/00418.png
data/nyu_datasets/00902.jpg,data/nyu_datasets/00902.png
data/nyu_datasets/01257.jpg,data/nyu_datasets/01257.png
data/nyu_datasets/00377.jpg,data/nyu_datasets/00377.png
data/nyu_datasets/00971.jpg,data/nyu_datasets/00971.png
data/nyu_datasets/00125.jpg,data/nyu_datasets/00125.png
data/nyu_datasets/00506.jpg,data/nyu_datasets/00506.png
data/nyu_datasets/00802.jpg,data/nyu_datasets/00802.png
data/nyu_datasets/00698.jpg,data/nyu_datasets/00698.png
data/nyu_datasets/01220.jpg,data/nyu_datasets/01220.png
data/nyu_datasets/00882.jpg,data/nyu_datasets/00882.png
data/nyu_datasets/01008.jpg,data/nyu_datasets/01008.png
data/nyu_datasets/00083.jpg,data/nyu_datasets/00083.png
data/nyu_datasets/00868.jpg,data/nyu_datasets/00868.png
data/nyu_datasets/01318.jpg,data/nyu_datasets/01318.png
data/nyu_datasets/00806.jpg,data/nyu_datasets/00806.png
data/nyu_datasets/00994.jpg,data/nyu_datasets/00994.png
data/nyu_datasets/00277.jpg,data/nyu_datasets/00277.png
data/nyu_datasets/00592.jpg,data/nyu_datasets/00592.png
data/nyu_datasets/00403.jpg,data/nyu_datasets/00403.png
data/nyu_datasets/00112.jpg,data/nyu_datasets/00112.png
data/nyu_datasets/00856.jpg,data/nyu_datasets/00856.png
data/nyu_datasets/00093.jpg,data/nyu_datasets/00093.png
data/nyu_datasets/00233.jpg,data/nyu_datasets/00233.png
data/nyu_datasets/00539.jpg,data/nyu_datasets/00539.png
data/nyu_datasets/00701.jpg,data/nyu_datasets/00701.png
data/nyu_datasets/01213.jpg,data/nyu_datasets/01213.png
data/nyu_datasets/01346.jpg,data/nyu_datasets/01346.png
data/nyu_datasets/00489.jpg,data/nyu_datasets/00489.png
data/nyu_datasets/00274.jpg,data/nyu_datasets/00274.png
data/nyu_datasets/00548.jpg,data/nyu_datasets/00548.png
data/nyu_datasets/00764.jpg,data/nyu_datasets/00764.png
data/nyu_datasets/00498.jpg,data/nyu_datasets/00498.png
data/nyu_datasets/00199.jpg,data/nyu_datasets/00199.png
data/nyu_datasets/01055.jpg,data/nyu_datasets/01055.png
data/nyu_datasets/01001.jpg,data/nyu_datasets/01001.png
data/nyu_datasets/00303.jpg,data/nyu_datasets/00303.png
data/nyu_datasets/00516.jpg,data/nyu_datasets/00516.png
data/nyu_datasets/00291.jpg,data/nyu_datasets/00291.png
data/nyu_datasets/00454.jpg,data/nyu_datasets/00454.png
data/nyu_datasets/01425.jpg,data/nyu_datasets/01425.png
data/nyu_datasets/01447.jpg,data/nyu_datasets/01447.png
data/nyu_datasets/00629.jpg,data/nyu_datasets/00629.png
data/nyu_datasets/00586.jpg,data/nyu_datasets/00586.png
data/nyu_datasets/00176.jpg,data/nyu_datasets/00176.png
data/nyu_datasets/00473.jpg,data/nyu_datasets/00473.png
data/nyu_datasets/00927.jpg,data/nyu_datasets/00927.png
data/nyu_datasets/01315.jpg,data/nyu_datasets/01315.png
data/nyu_datasets/01162.jpg,data/nyu_datasets/01162.png
data/nyu_datasets/00397.jpg,data/nyu_datasets/00397.png
data/nyu_datasets/00343.jpg,data/nyu_datasets/00343.png
data/nyu_datasets/00247.jpg,data/nyu_datasets/00247.png
data/nyu_datasets/00015.jpg,data/nyu_datasets/00015.png
data/nyu_datasets/01126.jpg,data/nyu_datasets/01126.png
data/nyu_datasets/00611.jpg,data/nyu_datasets/00611.png
data/nyu_datasets/01021.jpg,data/nyu_datasets/01021.png
data/nyu_datasets/00840.jpg,data/nyu_datasets/00840.png
data/nyu_datasets/00114.jpg,data/nyu_datasets/00114.png
data/nyu_datasets/00446.jpg,data/nyu_datasets/00446.png
data/nyu_datasets/01375.jpg,data/nyu_datasets/01375.png
data/nyu_datasets/01372.jpg,data/nyu_datasets/01372.png
data/nyu_datasets/01113.jpg,data/nyu_datasets/01113.png
data/nyu_datasets/00409.jpg,data/nyu_datasets/00409.png
data/nyu_datasets/00967.jpg,data/nyu_datasets/00967.png
data/nyu_datasets/00203.jpg,data/nyu_datasets/00203.png
data/nyu_datasets/00799.jpg,data/nyu_datasets/00799.png
data/nyu_datasets/00633.jpg,data/nyu_datasets/00633.png
data/nyu_datasets/00557.jpg,data/nyu_datasets/00557.png
data/nyu_datasets/00895.jpg,data/nyu_datasets/00895.png
data/nyu_datasets/01160.jpg,data/nyu_datasets/01160.png
data/nyu_datasets/00923.jpg,data/nyu_datasets/00923.png
data/nyu_datasets/00417.jpg,data/nyu_datasets/00417.png
data/nyu_datasets/01410.jpg,data/nyu_datasets/01410.png
data/nyu_datasets/01324.jpg,data/nyu_datasets/01324.png
data/nyu_datasets/01066.jpg,data/nyu_datasets/01066.png
data/nyu_datasets/01034.jpg,data/nyu_datasets/01034.png
data/nyu_datasets/00568.jpg,data/nyu_datasets/00568.png
data/nyu_datasets/00268.jpg,data/nyu_datasets/00268.png
data/nyu_datasets/00981.jpg,data/nyu_datasets/00981.png
data/nyu_datasets/01360.jpg,data/nyu_datasets/01360.png
data/nyu_datasets/00754.jpg,data/nyu_datasets/00754.png
data/nyu_datasets/00477.jpg,data/nyu_datasets/00477.png
data/nyu_datasets/01403.jpg,data/nyu_datasets/01403.png
data/nyu_datasets/01211.jpg,data/nyu_datasets/01211.png
data/nyu_datasets/00510.jpg,data/nyu_datasets/00510.png
data/nyu_datasets/00246.jpg,data/nyu_datasets/00246.png
data/nyu_datasets/00023.jpg,data/nyu_datasets/00023.png
data/nyu_datasets/00574.jpg,data/nyu_datasets/00574.png
data/nyu_datasets/00717.jpg,data/nyu_datasets/00717.png
data/nyu_datasets/00387.jpg,data/nyu_datasets/00387.png
data/nyu_datasets/01285.jpg,data/nyu_datasets/01285.png
data/nyu_datasets/01255.jpg,data/nyu_datasets/01255.png
data/nyu_datasets/01140.jpg,data/nyu_datasets/01140.png
data/nyu_datasets/00230.jpg,data/nyu_datasets/00230.png
data/nyu_datasets/00995.jpg,data/nyu_datasets/00995.png
data/nyu_datasets/00430.jpg,data/nyu_datasets/00430.png
data/nyu_datasets/00052.jpg,data/nyu_datasets/00052.png
data/nyu_datasets/00035.jpg,data/nyu_datasets/00035.png
data/nyu_datasets/00252.jpg,data/nyu_datasets/00252.png
data/nyu_datasets/00334.jpg,data/nyu_datasets/00334.png
data/nyu_datasets/00444.jpg,data/nyu_datasets/00444.png
data/nyu_datasets/01177.jpg,data/nyu_datasets/01177.png
data/nyu_datasets/01327.jpg,data/nyu_datasets/01327.png
data/nyu_datasets/00433.jpg,data/nyu_datasets/00433.png
data/nyu_datasets/00131.jpg,data/nyu_datasets/00131.png
data/nyu_datasets/00763.jpg,data/nyu_datasets/00763.png
data/nyu_datasets/00535.jpg,data/nyu_datasets/00535.png
data/nyu_datasets/01354.jpg,data/nyu_datasets/01354.png
data/nyu_datasets/00935.jpg,data/nyu_datasets/00935.png
data/nyu_datasets/01430.jpg,data/nyu_datasets/01430.png
data/nyu_datasets/00285.jpg,data/nyu_datasets/00285.png
data/nyu_datasets/00464.jpg,data/nyu_datasets/00464.png
data/nyu_datasets/00581.jpg,data/nyu_datasets/00581.png
data/nyu_datasets/00146.jpg,data/nyu_datasets/00146.png
data/nyu_datasets/00876.jpg,data/nyu_datasets/00876.png
data/nyu_datasets/00886.jpg,data/nyu_datasets/00886.png
data/nyu_datasets/01295.jpg,data/nyu_datasets/01295.png
data/nyu_datasets/00258.jpg,data/nyu_datasets/00258.png
data/nyu_datasets/00951.jpg,data/nyu_datasets/00951.png
data/nyu_datasets/01000.jpg,data/nyu_datasets/01000.png
data/nyu_datasets/00499.jpg,data/nyu_datasets/00499.png
data/nyu_datasets/01280.jpg,data/nyu_datasets/01280.png
data/nyu_datasets/00742.jpg,data/nyu_datasets/00742.png
data/nyu_datasets/01393.jpg,data/nyu_datasets/01393.png
data/nyu_datasets/00847.jpg,data/nyu_datasets/00847.png
data/nyu_datasets/00359.jpg,data/nyu_datasets/00359.png
data/nyu_datasets/00789.jpg,data/nyu_datasets/00789.png
data/nyu_datasets/00310.jpg,data/nyu_datasets/00310.png
data/nyu_datasets/01048.jpg,data/nyu_datasets/01048.png
data/nyu_datasets/00645.jpg,data/nyu_datasets/00645.png
data/nyu_datasets/01144.jpg,data/nyu_datasets/01144.png
data/nyu_datasets/00478.jpg,data/nyu_datasets/00478.png
data/nyu_datasets/00327.jpg,data/nyu_datasets/00327.png
data/nyu_datasets/00590.jpg,data/nyu_datasets/00590.png
data/nyu_datasets/01251.jpg,data/nyu_datasets/01251.png
data/nyu_datasets/00435.jpg,data/nyu_datasets/00435.png
data/nyu_datasets/00375.jpg,data/nyu_datasets/00375.png
data/nyu_datasets/00621.jpg,data/nyu_datasets/00621.png
data/nyu_datasets/01134.jpg,data/nyu_datasets/01134.png
data/nyu_datasets/01396.jpg,data/nyu_datasets/01396.png
data/nyu_datasets/00602.jpg,data/nyu_datasets/00602.png
data/nyu_datasets/01306.jpg,data/nyu_datasets/01306.png
data/nyu_datasets/01415.jpg,data/nyu_datasets/01415.png
data/nyu_datasets/00470.jpg,data/nyu_datasets/00470.png
data/nyu_datasets/01252.jpg,data/nyu_datasets/01252.png
data/nyu_datasets/00997.jpg,data/nyu_datasets/00997.png
data/nyu_datasets/00913.jpg,data/nyu_datasets/00913.png
data/nyu_datasets/01199.jpg,data/nyu_datasets/01199.png
data/nyu_datasets/00564.jpg,data/nyu_datasets/00564.png
data/nyu_datasets/00368.jpg,data/nyu_datasets/00368.png
data/nyu_datasets/00517.jpg,data/nyu_datasets/00517.png
data/nyu_datasets/00180.jpg,data/nyu_datasets/00180.png
data/nyu_datasets/00089.jpg,data/nyu_datasets/00089.png
data/nyu_datasets/00257.jpg,data/nyu_datasets/00257.png
data/nyu_datasets/00801.jpg,data/nyu_datasets/00801.png
data/nyu_datasets/00072.jpg,data/nyu_datasets/00072.png
data/nyu_datasets/00526.jpg,data/nyu_datasets/00526.png
data/nyu_datasets/00149.jpg,data/nyu_datasets/00149.png
data/nyu_datasets/00243.jpg,data/nyu_datasets/00243.png
data/nyu_datasets/01091.jpg,data/nyu_datasets/01091.png
data/nyu_datasets/01152.jpg,data/nyu_datasets/01152.png
data/nyu_datasets/00011.jpg,data/nyu_datasets/00011.png
data/nyu_datasets/00236.jpg,data/nyu_datasets/00236.png
data/nyu_datasets/00137.jpg,data/nyu_datasets/00137.png
data/nyu_datasets/01198.jpg,data/nyu_datasets/01198.png
data/nyu_datasets/01358.jpg,data/nyu_datasets/01358.png
data/nyu_datasets/00897.jpg,data/nyu_datasets/00897.png
data/nyu_datasets/00164.jpg,data/nyu_datasets/00164.png
data/nyu_datasets/00651.jpg,data/nyu_datasets/00651.png
data/nyu_datasets/01301.jpg,data/nyu_datasets/01301.png
data/nyu_datasets/01272.jpg,data/nyu_datasets/01272.png
data/nyu_datasets/00658.jpg,data/nyu_datasets/00658.png
data/nyu_datasets/00451.jpg,data/nyu_datasets/00451.png
data/nyu_datasets/01026.jpg,data/nyu_datasets/01026.png
data/nyu_datasets/01277.jpg,data/nyu_datasets/01277.png
data/nyu_datasets/00423.jpg,data/nyu_datasets/00423.png
data/nyu_datasets/01058.jpg,data/nyu_datasets/01058.png
data/nyu_datasets/00524.jpg,data/nyu_datasets/00524.png
data/nyu_datasets/00206.jpg,data/nyu_datasets/00206.png
data/nyu_datasets/00494.jpg,data/nyu_datasets/00494.png
data/nyu_datasets/01337.jpg,data/nyu_datasets/01337.png
data/nyu_datasets/00134.jpg,data/nyu_datasets/00134.png
data/nyu_datasets/00569.jpg,data/nyu_datasets/00569.png
data/nyu_datasets/00212.jpg,data/nyu_datasets/00212.png
data/nyu_datasets/00744.jpg,data/nyu_datasets/00744.png
data/nyu_datasets/01032.jpg,data/nyu_datasets/01032.png
data/nyu_datasets/01373.jpg,data/nyu_datasets/01373.png
data/nyu_datasets/01143.jpg,data/nyu_datasets/01143.png
data/nyu_datasets/00646.jpg,data/nyu_datasets/00646.png
data/nyu_datasets/00826.jpg,data/nyu_datasets/00826.png
data/nyu_datasets/00401.jpg,data/nyu_datasets/00401.png
data/nyu_datasets/00279.jpg,data/nyu_datasets/00279.png
data/nyu_datasets/01088.jpg,data/nyu_datasets/01088.png
data/nyu_datasets/00778.jpg,data/nyu_datasets/00778.png
data/nyu_datasets/00295.jpg,data/nyu_datasets/00295.png
data/nyu_datasets/01225.jpg,data/nyu_datasets/01225.png
data/nyu_datasets/00830.jpg,data/nyu_datasets/00830.png
data/nyu_datasets/01387.jpg,data/nyu_datasets/01387.png
data/nyu_datasets/00992.jpg,data/nyu_datasets/00992.png
data/nyu_datasets/00344.jpg,data/nyu_datasets/00344.png
data/nyu_datasets/01191.jpg,data/nyu_datasets/01191.png
data/nyu_datasets/00399.jpg,data/nyu_datasets/00399.png
data/nyu_datasets/00209.jpg,data/nyu_datasets/00209.png
data/nyu_datasets/00565.jpg,data/nyu_datasets/00565.png
data/nyu_datasets/00241.jpg,data/nyu_datasets/00241.png
data/nyu_datasets/01098.jpg,data/nyu_datasets/01098.png
data/nyu_datasets/01118.jpg,data/nyu_datasets/01118.png
data/nyu_datasets/00054.jpg,data/nyu_datasets/00054.png
data/nyu_datasets/01405.jpg,data/nyu_datasets/01405.png
data/nyu_datasets/00990.jpg,data/nyu_datasets/00990.png
data/nyu_datasets/01377.jpg,data/nyu_datasets/01377.png
data/nyu_datasets/00332.jpg,data/nyu_datasets/00332.png
data/nyu_datasets/00178.jpg,data/nyu_datasets/00178.png
data/nyu_datasets/00211.jpg,data/nyu_datasets/00211.png
data/nyu_datasets/00692.jpg,data/nyu_datasets/00692.png
data/nyu_datasets/01043.jpg,data/nyu_datasets/01043.png
data/nyu_datasets/00687.jpg,data/nyu_datasets/00687.png
data/nyu_datasets/01310.jpg,data/nyu_datasets/01310.png
data/nyu_datasets/00748.jpg,data/nyu_datasets/00748.png
data/nyu_datasets/00077.jpg,data/nyu_datasets/00077.png
data/nyu_datasets/01122.jpg,data/nyu_datasets/01122.png
data/nyu_datasets/00877.jpg,data/nyu_datasets/00877.png
data/nyu_datasets/00666.jpg,data/nyu_datasets/00666.png
data/nyu_datasets/00302.jpg,data/nyu_datasets/00302.png
data/nyu_datasets/00984.jpg,data/nyu_datasets/00984.png
data/nyu_datasets/00067.jpg,data/nyu_datasets/00067.png
data/nyu_datasets/00021.jpg,data/nyu_datasets/00021.png
data/nyu_datasets/00064.jpg,data/nyu_datasets/00064.png
data/nyu_datasets/00755.jpg,data/nyu_datasets/00755.png
data/nyu_datasets/01206.jpg,data/nyu_datasets/01206.png
data/nyu_datasets/00737.jpg,data/nyu_datasets/00737.png
data/nyu_datasets/00605.jpg,data/nyu_datasets/00605.png
data/nyu_datasets/00949.jpg,data/nyu_datasets/00949.png
data/nyu_datasets/00508.jpg,data/nyu_datasets/00508.png
data/nyu_datasets/01362.jpg,data/nyu_datasets/01362.png
data/nyu_datasets/00800.jpg,data/nyu_datasets/00800.png
data/nyu_datasets/00777.jpg,data/nyu_datasets/00777.png
data/nyu_datasets/01148.jpg,data/nyu_datasets/01148.png
data/nyu_datasets/00059.jpg,data/nyu_datasets/00059.png
data/nyu_datasets/00251.jpg,data/nyu_datasets/00251.png
data/nyu_datasets/01063.jpg,data/nyu_datasets/01063.png
data/nyu_datasets/00116.jpg,data/nyu_datasets/00116.png
data/nyu_datasets/00824.jpg,data/nyu_datasets/00824.png
data/nyu_datasets/00850.jpg,data/nyu_datasets/00850.png
data/nyu_datasets/00386.jpg,data/nyu_datasets/00386.png
data/nyu_datasets/01258.jpg,data/nyu_datasets/01258.png
data/nyu_datasets/00075.jpg,data/nyu_datasets/00075.png
data/nyu_datasets/00661.jpg,data/nyu_datasets/00661.png
data/nyu_datasets/00422.jpg,data/nyu_datasets/00422.png
data/nyu_datasets/00445.jpg,data/nyu_datasets/00445.png
data/nyu_datasets/00091.jpg,data/nyu_datasets/00091.png
data/nyu_datasets/00240.jpg,data/nyu_datasets/00240.png
data/nyu_datasets/01313.jpg,data/nyu_datasets/01313.png
data/nyu_datasets/00328.jpg,data/nyu_datasets/00328.png
data/nyu_datasets/00396.jpg,data/nyu_datasets/00396.png
data/nyu_datasets/00894.jpg,data/nyu_datasets/00894.png
data/nyu_datasets/00286.jpg,data/nyu_datasets/00286.png
data/nyu_datasets/00845.jpg,data/nyu_datasets/00845.png
data/nyu_datasets/00622.jpg,data/nyu_datasets/00622.png
data/nyu_datasets/00260.jpg,data/nyu_datasets/00260.png
data/nyu_datasets/01193.jpg,data/nyu_datasets/01193.png
data/nyu_datasets/00521.jpg,data/nyu_datasets/00521.png
data/nyu_datasets/01331.jpg,data/nyu_datasets/01331.png
data/nyu_datasets/00667.jpg,data/nyu_datasets/00667.png
data/nyu_datasets/00330.jpg,data/nyu_datasets/00330.png
data/nyu_datasets/01416.jpg,data/nyu_datasets/01416.png
data/nyu_datasets/00055.jpg,data/nyu_datasets/00055.png
data/nyu_datasets/00914.jpg,data/nyu_datasets/00914.png
data/nyu_datasets/01141.jpg,data/nyu_datasets/01141.png
data/nyu_datasets/00469.jpg,data/nyu_datasets/00469.png
data/nyu_datasets/00210.jpg,data/nyu_datasets/00210.png
data/nyu_datasets/00835.jpg,data/nyu_datasets/00835.png
data/nyu_datasets/00562.jpg,data/nyu_datasets/00562.png
data/nyu_datasets/00677.jpg,data/nyu_datasets/00677.png
data/nyu_datasets/00395.jpg,data/nyu_datasets/00395.png
data/nyu_datasets/01292.jpg,data/nyu_datasets/01292.png
data/nyu_datasets/00150.jpg,data/nyu_datasets/00150.png
data/nyu_datasets/01146.jpg,data/nyu_datasets/01146.png
data/nyu_datasets/00226.jpg,data/nyu_datasets/00226.png
data/nyu_datasets/00768.jpg,data/nyu_datasets/00768.png
data/nyu_datasets/01437.jpg,data/nyu_datasets/01437.png
data/nyu_datasets/00427.jpg,data/nyu_datasets/00427.png
data/nyu_datasets/00890.jpg,data/nyu_datasets/00890.png
data/nyu_datasets/00813.jpg,data/nyu_datasets/00813.png
data/nyu_datasets/00307.jpg,data/nyu_datasets/00307.png
data/nyu_datasets/01135.jpg,data/nyu_datasets/01135.png
data/nyu_datasets/01428.jpg,data/nyu_datasets/01428.png
data/nyu_datasets/00275.jpg,data/nyu_datasets/00275.png
data/nyu_datasets/00816.jpg,data/nyu_datasets/00816.png
data/nyu_datasets/00272.jpg,data/nyu_datasets/00272.png
data/nyu_datasets/00675.jpg,data/nyu_datasets/00675.png
data/nyu_datasets/01349.jpg,data/nyu_datasets/01349.png
data/nyu_datasets/01388.jpg,data/nyu_datasets/01388.png
data/nyu_datasets/00815.jpg,data/nyu_datasets/00815.png
data/nyu_datasets/00551.jpg,data/nyu_datasets/00551.png
data/nyu_datasets/01056.jpg,data/nyu_datasets/01056.png
data/nyu_datasets/00140.jpg,data/nyu_datasets/00140.png
data/nyu_datasets/00805.jpg,data/nyu_datasets/00805.png
data/nyu_datasets/00898.jpg,data/nyu_datasets/00898.png
data/nyu_datasets/00329.jpg,data/nyu_datasets/00329.png
data/nyu_datasets/00900.jpg,data/nyu_datasets/00900.png
data/nyu_datasets/00416.jpg,data/nyu_datasets/00416.png
data/nyu_datasets/00442.jpg,data/nyu_datasets/00442.png
data/nyu_datasets/01133.jpg,data/nyu_datasets/01133.png
data/nyu_datasets/00573.jpg,data/nyu_datasets/00573.png
data/nyu_datasets/01050.jpg,data/nyu_datasets/01050.png
data/nyu_datasets/00798.jpg,data/nyu_datasets/00798.png
data/nyu_datasets/00970.jpg,data/nyu_datasets/00970.png
data/nyu_datasets/00148.jpg,data/nyu_datasets/00148.png
data/nyu_datasets/01369.jpg,data/nyu_datasets/01369.png
data/nyu_datasets/00509.jpg,data/nyu_datasets/00509.png
data/nyu_datasets/00918.jpg,data/nyu_datasets/00918.png
data/nyu_datasets/01385.jpg,data/nyu_datasets/01385.png
data/nyu_datasets/00958.jpg,data/nyu_datasets/00958.png
data/nyu_datasets/00872.jpg,data/nyu_datasets/00872.png
data/nyu_datasets/00618.jpg,data/nyu_datasets/00618.png
data/nyu_datasets/01382.jpg,data/nyu_datasets/01382.png
data/nyu_datasets/01227.jpg,data/nyu_datasets/01227.png
data/nyu_datasets/00500.jpg,data/nyu_datasets/00500.png
data/nyu_datasets/00780.jpg,data/nyu_datasets/00780.png
data/nyu_datasets/01316.jpg,data/nyu_datasets/01316.png
data/nyu_datasets/00672.jpg,data/nyu_datasets/00672.png
data/nyu_datasets/00300.jpg,data/nyu_datasets/00300.png
data/nyu_datasets/00691.jpg,data/nyu_datasets/00691.png
data/nyu_datasets/00136.jpg,data/nyu_datasets/00136.png
data/nyu_datasets/00008.jpg,data/nyu_datasets/00008.png
data/nyu_datasets/00964.jpg,data/nyu_datasets/00964.png
data/nyu_datasets/01029.jpg,data/nyu_datasets/01029.png
data/nyu_datasets/00706.jpg,data/nyu_datasets/00706.png
data/nyu_datasets/00597.jpg,data/nyu_datasets/00597.png
data/nyu_datasets/00415.jpg,data/nyu_datasets/00415.png
data/nyu_datasets/00530.jpg,data/nyu_datasets/00530.png
data/nyu_datasets/01165.jpg,data/nyu_datasets/01165.png
data/nyu_datasets/00608.jpg,data/nyu_datasets/00608.png
data/nyu_datasets/00175.jpg,data/nyu_datasets/00175.png
data/nyu_datasets/00607.jpg,data/nyu_datasets/00607.png
data/nyu_datasets/01071.jpg,data/nyu_datasets/01071.png
data/nyu_datasets/00862.jpg,data/nyu_datasets/00862.png
data/nyu_datasets/00538.jpg,data/nyu_datasets/00538.png
data/nyu_datasets/00428.jpg,data/nyu_datasets/00428.png
data/nyu_datasets/00881.jpg,data/nyu_datasets/00881.png
data/nyu_datasets/01102.jpg,data/nyu_datasets/01102.png
data/nyu_datasets/00560.jpg,data/nyu_datasets/00560.png
data/nyu_datasets/00316.jpg,data/nyu_datasets/00316.png
data/nyu_datasets/00024.jpg,data/nyu_datasets/00024.png
data/nyu_datasets/00891.jpg,data/nyu_datasets/00891.png
data/nyu_datasets/00429.jpg,data/nyu_datasets/00429.png
data/nyu_datasets/00511.jpg,data/nyu_datasets/00511.png
data/nyu_datasets/00369.jpg,data/nyu_datasets/00369.png
data/nyu_datasets/00244.jpg,data/nyu_datasets/00244.png
data/nyu_datasets/00196.jpg,data/nyu_datasets/00196.png
data/nyu_datasets/00926.jpg,data/nyu_datasets/00926.png
data/nyu_datasets/01216.jpg,data/nyu_datasets/01216.png
data/nyu_datasets/01421.jpg,data/nyu_datasets/01421.png
data/nyu_datasets/01413.jpg,data/nyu_datasets/01413.png
data/nyu_datasets/00909.jpg,data/nyu_datasets/00909.png
data/nyu_datasets/00696.jpg,data/nyu_datasets/00696.png
data/nyu_datasets/00627.jpg,data/nyu_datasets/00627.png
data/nyu_datasets/01371.jpg,data/nyu_datasets/01371.png
data/nyu_datasets/00284.jpg,data/nyu_datasets/00284.png
data/nyu_datasets/00973.jpg,data/nyu_datasets/00973.png
data/nyu_datasets/00452.jpg,data/nyu_datasets/00452.png
data/nyu_datasets/00857.jpg,data/nyu_datasets/00857.png
data/nyu_datasets/00325.jpg,data/nyu_datasets/00325.png
data/nyu_datasets/00239.jpg,data/nyu_datasets/00239.png
data/nyu_datasets/01013.jpg,data/nyu_datasets/01013.png
data/nyu_datasets/00776.jpg,data/nyu_datasets/00776.png
data/nyu_datasets/00812.jpg,data/nyu_datasets/00812.png
data/nyu_datasets/00188.jpg,data/nyu_datasets/00188.png
data/nyu_datasets/00753.jpg,data/nyu_datasets/00753.png
data/nyu_datasets/00264.jpg,data/nyu_datasets/00264.png
data/nyu_datasets/00671.jpg,data/nyu_datasets/00671.png
data/nyu_datasets/01089.jpg,data/nyu_datasets/01089.png
data/nyu_datasets/00166.jpg,data/nyu_datasets/00166.png
data/nyu_datasets/00648.jpg,data/nyu_datasets/00648.png
data/nyu_datasets/00108.jpg,data/nyu_datasets/00108.png
data/nyu_datasets/00831.jpg,data/nyu_datasets/00831.png
data/nyu_datasets/00352.jpg,data/nyu_datasets/00352.png
data/nyu_datasets/01380.jpg,data/nyu_datasets/01380.png
data/nyu_datasets/00731.jpg,data/nyu_datasets/00731.png
data/nyu_datasets/01431.jpg,data/nyu_datasets/01431.png
data/nyu_datasets/01204.jpg,data/nyu_datasets/01204.png
data/nyu_datasets/00097.jpg,data/nyu_datasets/00097.png
data/nyu_datasets/00540.jpg,data/nyu_datasets/00540.png
data/nyu_datasets/00009.jpg,data/nyu_datasets/00009.png
data/nyu_datasets/00058.jpg,data/nyu_datasets/00058.png
data/nyu_datasets/01044.jpg,data/nyu_datasets/01044.png
data/nyu_datasets/00007.jpg,data/nyu_datasets/00007.png
data/nyu_datasets/00774.jpg,data/nyu_datasets/00774.png
data/nyu_datasets/00912.jpg,data/nyu_datasets/00912.png
data/nyu_datasets/00436.jpg,data/nyu_datasets/00436.png
data/nyu_datasets/00505.jpg,data/nyu_datasets/00505.png
data/nyu_datasets/00481.jpg,data/nyu_datasets/00481.png
data/nyu_datasets/00411.jpg,data/nyu_datasets/00411.png
data/nyu_datasets/01229.jpg,data/nyu_datasets/01229.png
data/nyu_datasets/01151.jpg,data/nyu_datasets/01151.png
data/nyu_datasets/00695.jpg,data/nyu_datasets/00695.png
data/nyu_datasets/00060.jpg,data/nyu_datasets/00060.png
data/nyu_datasets/00267.jpg,data/nyu_datasets/00267.png
data/nyu_datasets/00297.jpg,data/nyu_datasets/00297.png
data/nyu_datasets/00290.jpg,data/nyu_datasets/00290.png
data/nyu_datasets/00669.jpg,data/nyu_datasets/00669.png
data/nyu_datasets/01303.jpg,data/nyu_datasets/01303.png
data/nyu_datasets/00366.jpg,data/nyu_datasets/00366.png
data/nyu_datasets/00883.jpg,data/nyu_datasets/00883.png
data/nyu_datasets/01412.jpg,data/nyu_datasets/01412.png
data/nyu_datasets/00046.jpg,data/nyu_datasets/00046.png
data/nyu_datasets/00361.jpg,data/nyu_datasets/00361.png
data/nyu_datasets/00656.jpg,data/nyu_datasets/00656.png
data/nyu_datasets/00575.jpg,data/nyu_datasets/00575.png
data/nyu_datasets/00703.jpg,data/nyu_datasets/00703.png
data/nyu_datasets/01036.jpg,data/nyu_datasets/01036.png
data/nyu_datasets/00919.jpg,data/nyu_datasets/00919.png
data/nyu_datasets/01427.jpg,data/nyu_datasets/01427.png
data/nyu_datasets/00531.jpg,data/nyu_datasets/00531.png
data/nyu_datasets/00547.jpg,data/nyu_datasets/00547.png
data/nyu_datasets/00312.jpg,data/nyu_datasets/00312.png
data/nyu_datasets/00631.jpg,data/nyu_datasets/00631.png
data/nyu_datasets/01179.jpg,data/nyu_datasets/01179.png
data/nyu_datasets/00028.jpg,data/nyu_datasets/00028.png
data/nyu_datasets/01320.jpg,data/nyu_datasets/01320.png
data/nyu_datasets/00419.jpg,data/nyu_datasets/00419.png
data/nyu_datasets/00087.jpg,data/nyu_datasets/00087.png
data/nyu_datasets/01095.jpg,data/nyu_datasets/01095.png
data/nyu_datasets/01065.jpg,data/nyu_datasets/01065.png
data/nyu_datasets/01402.jpg,data/nyu_datasets/01402.png
data/nyu_datasets/00986.jpg,data/nyu_datasets/00986.png
data/nyu_datasets/00760.jpg,data/nyu_datasets/00760.png
data/nyu_datasets/00367.jpg,data/nyu_datasets/00367.png
data/nyu_datasets/00235.jpg,data/nyu_datasets/00235.png
data/nyu_datasets/01125.jpg,data/nyu_datasets/01125.png
data/nyu_datasets/00736.jpg,data/nyu_datasets/00736.png
data/nyu_datasets/00504.jpg,data/nyu_datasets/00504.png
data/nyu_datasets/00920.jpg,data/nyu_datasets/00920.png
data/nyu_datasets/00207.jpg,data/nyu_datasets/00207.png
data/nyu_datasets/00408.jpg,data/nyu_datasets/00408.png
data/nyu_datasets/00224.jpg,data/nyu_datasets/00224.png
data/nyu_datasets/01237.jpg,data/nyu_datasets/01237.png
data/nyu_datasets/01241.jpg,data/nyu_datasets/01241.png
data/nyu_datasets/01057.jpg,data/nyu_datasets/01057.png
data/nyu_datasets/00795.jpg,data/nyu_datasets/00795.png
data/nyu_datasets/00916.jpg,data/nyu_datasets/00916.png
data/nyu_datasets/01012.jpg,data/nyu_datasets/01012.png
data/nyu_datasets/00943.jpg,data/nyu_datasets/00943.png
data/nyu_datasets/01370.jpg,data/nyu_datasets/01370.png
data/nyu_datasets/00982.jpg,data/nyu_datasets/00982.png
data/nyu_datasets/00793.jpg,data/nyu_datasets/00793.png
data/nyu_datasets/01267.jpg,data/nyu_datasets/01267.png
data/nyu_datasets/00773.jpg,data/nyu_datasets/00773.png
data/nyu_datasets/00363.jpg,data/nyu_datasets/00363.png
data/nyu_datasets/00459.jpg,data/nyu_datasets/00459.png
data/nyu_datasets/00682.jpg,data/nyu_datasets/00682.png
data/nyu_datasets/00797.jpg,data/nyu_datasets/00797.png
data/nyu_datasets/00775.jpg,data/nyu_datasets/00775.png
data/nyu_datasets/00822.jpg,data/nyu_datasets/00822.png
data/nyu_datasets/00946.jpg,data/nyu_datasets/00946.png
data/nyu_datasets/01119.jpg,data/nyu_datasets/01119.png
data/nyu_datasets/00394.jpg,data/nyu_datasets/00394.png
data/nyu_datasets/00576.jpg,data/nyu_datasets/00576.png
data/nyu_datasets/00160.jpg,data/nyu_datasets/00160.png
data/nyu_datasets/01332.jpg,data/nyu_datasets/01332.png
data/nyu_datasets/00536.jpg,data/nyu_datasets/00536.png
data/nyu_datasets/01217.jpg,data/nyu_datasets/01217.png
data/nyu_datasets/00604.jpg,data/nyu_datasets/00604.png
data/nyu_datasets/00404.jpg,data/nyu_datasets/00404.png
data/nyu_datasets/00770.jpg,data/nyu_datasets/00770.png
data/nyu_datasets/00809.jpg,data/nyu_datasets/00809.png
data/nyu_datasets/01117.jpg,data/nyu_datasets/01117.png
data/nyu_datasets/00421.jpg,data/nyu_datasets/00421.png
data/nyu_datasets/00121.jpg,data/nyu_datasets/00121.png
data/nyu_datasets/01409.jpg,data/nyu_datasets/01409.png
data/nyu_datasets/00860.jpg,data/nyu_datasets/00860.png
data/nyu_datasets/00723.jpg,data/nyu_datasets/00723.png
data/nyu_datasets/00630.jpg,data/nyu_datasets/00630.png
data/nyu_datasets/00198.jpg,data/nyu_datasets/00198.png
data/nyu_datasets/00873.jpg,data/nyu_datasets/00873.png
data/nyu_datasets/00157.jpg,data/nyu_datasets/00157.png
data/nyu_datasets/00434.jpg,data/nyu_datasets/00434.png
data/nyu_datasets/00248.jpg,data/nyu_datasets/00248.png
data/nyu_datasets/00496.jpg,data/nyu_datasets/00496.png
data/nyu_datasets/01016.jpg,data/nyu_datasets/01016.png
data/nyu_datasets/00124.jpg,data/nyu_datasets/00124.png
data/nyu_datasets/00749.jpg,data/nyu_datasets/00749.png
data/nyu_datasets/00769.jpg,data/nyu_datasets/00769.png
data/nyu_datasets/00599.jpg,data/nyu_datasets/00599.png
data/nyu_datasets/00231.jpg,data/nyu_datasets/00231.png
data/nyu_datasets/00545.jpg,data/nyu_datasets/00545.png
data/nyu_datasets/01156.jpg,data/nyu_datasets/01156.png
data/nyu_datasets/00155.jpg,data/nyu_datasets/00155.png
data/nyu_datasets/00991.jpg,data/nyu_datasets/00991.png
data/nyu_datasets/01423.jpg,data/nyu_datasets/01423.png
data/nyu_datasets/00492.jpg,data/nyu_datasets/00492.png
data/nyu_datasets/00859.jpg,data/nyu_datasets/00859.png
data/nyu_datasets/01185.jpg,data/nyu_datasets/01185.png
data/nyu_datasets/00424.jpg,data/nyu_datasets/00424.png
data/nyu_datasets/01275.jpg,data/nyu_datasets/01275.png
data/nyu_datasets/00200.jpg,data/nyu_datasets/00200.png
data/nyu_datasets/00901.jpg,data/nyu_datasets/00901.png
data/nyu_datasets/00118.jpg,data/nyu_datasets/00118.png
data/nyu_datasets/00989.jpg,data/nyu_datasets/00989.png
data/nyu_datasets/00878.jpg,data/nyu_datasets/00878.png
data/nyu_datasets/00315.jpg,data/nyu_datasets/00315.png
data/nyu_datasets/00814.jpg,data/nyu_datasets/00814.png
data/nyu_datasets/00232.jpg,data/nyu_datasets/00232.png
data/nyu_datasets/00106.jpg,data/nyu_datasets/00106.png
data/nyu_datasets/00642.jpg,data/nyu_datasets/00642.png
data/nyu_datasets/01168.jpg,data/nyu_datasets/01168.png
data/nyu_datasets/00080.jpg,data/nyu_datasets/00080.png
data/nyu_datasets/00829.jpg,data/nyu_datasets/00829.png
data/nyu_datasets/00782.jpg,data/nyu_datasets/00782.png
data/nyu_datasets/00259.jpg,data/nyu_datasets/00259.png
data/nyu_datasets/00851.jpg,data/nyu_datasets/00851.png
data/nyu_datasets/00147.jpg,data/nyu_datasets/00147.png
data/nyu_datasets/00186.jpg,data/nyu_datasets/00186.png
data/nyu_datasets/00358.jpg,data/nyu_datasets/00358.png
data/nyu_datasets/00382.jpg,data/nyu_datasets/00382.png
data/nyu_datasets/00523.jpg,data/nyu_datasets/00523.png
data/nyu_datasets/00983.jpg,data/nyu_datasets/00983.png
data/nyu_datasets/01321.jpg,data/nyu_datasets/01321.png
data/nyu_datasets/01067.jpg,data/nyu_datasets/01067.png
data/nyu_datasets/00757.jpg,data/nyu_datasets/00757.png
data/nyu_datasets/01395.jpg,data/nyu_datasets/01395.png
data/nyu_datasets/01195.jpg,data/nyu_datasets/01195.png
data/nyu_datasets/00032.jpg,data/nyu_datasets/00032.png
data/nyu_datasets/01368.jpg,data/nyu_datasets/01368.png
data/nyu_datasets/00587.jpg,data/nyu_datasets/00587.png
data/nyu_datasets/00069.jpg,data/nyu_datasets/00069.png
data/nyu_datasets/01317.jpg,data/nyu_datasets/01317.png
data/nyu_datasets/01262.jpg,data/nyu_datasets/01262.png
data/nyu_datasets/00694.jpg,data/nyu_datasets/00694.png
data/nyu_datasets/00613.jpg,data/nyu_datasets/00613.png
data/nyu_datasets/00455.jpg,data/nyu_datasets/00455.png
data/nyu_datasets/00313.jpg,data/nyu_datasets/00313.png
data/nyu_datasets/00975.jpg,data/nyu_datasets/00975.png
data/nyu_datasets/00924.jpg,data/nyu_datasets/00924.png
data/nyu_datasets/01120.jpg,data/nyu_datasets/01120.png
data/nyu_datasets/00288.jpg,data/nyu_datasets/00288.png
data/nyu_datasets/01031.jpg,data/nyu_datasets/01031.png
data/nyu_datasets/00680.jpg,data/nyu_datasets/00680.png
data/nyu_datasets/00143.jpg,data/nyu_datasets/00143.png
data/nyu_datasets/00704.jpg,data/nyu_datasets/00704.png
data/nyu_datasets/00930.jpg,data/nyu_datasets/00930.png
data/nyu_datasets/00559.jpg,data/nyu_datasets/00559.png
data/nyu_datasets/01005.jpg,data/nyu_datasets/01005.png
data/nyu_datasets/01390.jpg,data/nyu_datasets/01390.png
data/nyu_datasets/01062.jpg,data/nyu_datasets/01062.png
data/nyu_datasets/01166.jpg,data/nyu_datasets/01166.png
data/nyu_datasets/00066.jpg,data/nyu_datasets/00066.png
data/nyu_datasets/01293.jpg,data/nyu_datasets/01293.png
data/nyu_datasets/01268.jpg,data/nyu_datasets/01268.png
data/nyu_datasets/00861.jpg,data/nyu_datasets/00861.png
data/nyu_datasets/00546.jpg,data/nyu_datasets/00546.png
data/nyu_datasets/00345.jpg,data/nyu_datasets/00345.png
data/nyu_datasets/01269.jpg,data/nyu_datasets/01269.png
data/nyu_datasets/00016.jpg,data/nyu_datasets/00016.png
data/nyu_datasets/00437.jpg,data/nyu_datasets/00437.png
data/nyu_datasets/00730.jpg,data/nyu_datasets/00730.png
data/nyu_datasets/00333.jpg,data/nyu_datasets/00333.png
data/nyu_datasets/01212.jpg,data/nyu_datasets/01212.png
data/nyu_datasets/01338.jpg,data/nyu_datasets/01338.png
data/nyu_datasets/00062.jpg,data/nyu_datasets/00062.png
data/nyu_datasets/00115.jpg,data/nyu_datasets/00115.png
data/nyu_datasets/00783.jpg,data/nyu_datasets/00783.png
data/nyu_datasets/00085.jpg,data/nyu_datasets/00085.png
data/nyu_datasets/01351.jpg,data/nyu_datasets/01351.png
data/nyu_datasets/01281.jpg,data/nyu_datasets/01281.png
data/nyu_datasets/01399.jpg,data/nyu_datasets/01399.png
data/nyu_datasets/01189.jpg,data/nyu_datasets/01189.png
data/nyu_datasets/01394.jpg,data/nyu_datasets/01394.png
data/nyu_datasets/00791.jpg,data/nyu_datasets/00791.png
data/nyu_datasets/00963.jpg,data/nyu_datasets/00963.png
data/nyu_datasets/01325.jpg,data/nyu_datasets/01325.png
data/nyu_datasets/00828.jpg,data/nyu_datasets/00828.png
data/nyu_datasets/00998.jpg,data/nyu_datasets/00998.png
data/nyu_datasets/01173.jpg,data/nyu_datasets/01173.png
data/nyu_datasets/01131.jpg,data/nyu_datasets/01131.png
data/nyu_datasets/01329.jpg,data/nyu_datasets/01329.png
data/nyu_datasets/00400.jpg,data/nyu_datasets/00400.png
data/nyu_datasets/00109.jpg,data/nyu_datasets/00109.png
data/nyu_datasets/01183.jpg,data/nyu_datasets/01183.png
data/nyu_datasets/01352.jpg,data/nyu_datasets/01352.png
data/nyu_datasets/00234.jpg,data/nyu_datasets/00234.png
data/nyu_datasets/00068.jpg,data/nyu_datasets/00068.png
data/nyu_datasets/00960.jpg,data/nyu_datasets/00960.png
data/nyu_datasets/00915.jpg,data/nyu_datasets/00915.png
data/nyu_datasets/00513.jpg,data/nyu_datasets/00513.png
data/nyu_datasets/00273.jpg,data/nyu_datasets/00273.png
data/nyu_datasets/00472.jpg,data/nyu_datasets/00472.png
data/nyu_datasets/00710.jpg,data/nyu_datasets/00710.png
data/nyu_datasets/00042.jpg,data/nyu_datasets/00042.png
data/nyu_datasets/01174.jpg,data/nyu_datasets/01174.png
data/nyu_datasets/01245.jpg,data/nyu_datasets/01245.png
data/nyu_datasets/01288.jpg,data/nyu_datasets/01288.png
data/nyu_datasets/00378.jpg,data/nyu_datasets/00378.png
data/nyu_datasets/00579.jpg,data/nyu_datasets/00579.png
data/nyu_datasets/00689.jpg,data/nyu_datasets/00689.png
data/nyu_datasets/00541.jpg,data/nyu_datasets/00541.png
data/nyu_datasets/01298.jpg,data/nyu_datasets/01298.png
data/nyu_datasets/00681.jpg,data/nyu_datasets/00681.png
data/nyu_datasets/00043.jpg,data/nyu_datasets/00043.png
data/nyu_datasets/00635.jpg,data/nyu_datasets/00635.png
data/nyu_datasets/00867.jpg,data/nyu_datasets/00867.png
data/nyu_datasets/00457.jpg,data/nyu_datasets/00457.png
data/nyu_datasets/00993.jpg,data/nyu_datasets/00993.png
data/nyu_datasets/00138.jpg,data/nyu_datasets/00138.png
data/nyu_datasets/01100.jpg,data/nyu_datasets/01100.png
data/nyu_datasets/00985.jpg,data/nyu_datasets/00985.png
data/nyu_datasets/00107.jpg,data/nyu_datasets/00107.png
data/nyu_datasets/00101.jpg,data/nyu_datasets/00101.png
data/nyu_datasets/01429.jpg,data/nyu_datasets/01429.png
data/nyu_datasets/00825.jpg,data/nyu_datasets/00825.png
data/nyu_datasets/00593.jpg,data/nyu_datasets/00593.png
data/nyu_datasets/00299.jpg,data/nyu_datasets/00299.png
data/nyu_datasets/01397.jpg,data/nyu_datasets/01397.png
data/nyu_datasets/01246.jpg,data/nyu_datasets/01246.png
data/nyu_datasets/00221.jpg,data/nyu_datasets/00221.png
data/nyu_datasets/01235.jpg,data/nyu_datasets/01235.png
data/nyu_datasets/00794.jpg,data/nyu_datasets/00794.png
data/nyu_datasets/00389.jpg,data/nyu_datasets/00389.png
data/nyu_datasets/00525.jpg,data/nyu_datasets/00525.png
data/nyu_datasets/00071.jpg,data/nyu_datasets/00071.png
data/nyu_datasets/00122.jpg,data/nyu_datasets/00122.png
data/nyu_datasets/00632.jpg,data/nyu_datasets/00632.png
data/nyu_datasets/00117.jpg,data/nyu_datasets/00117.png
data/nyu_datasets/01383.jpg,data/nyu_datasets/01383.png
data/nyu_datasets/00790.jpg,data/nyu_datasets/00790.png
data/nyu_datasets/00765.jpg,data/nyu_datasets/00765.png
data/nyu_datasets/00707.jpg,data/nyu_datasets/00707.png
data/nyu_datasets/01045.jpg,data/nyu_datasets/01045.png
data/nyu_datasets/00086.jpg,data/nyu_datasets/00086.png
data/nyu_datasets/01304.jpg,data/nyu_datasets/01304.png
data/nyu_datasets/00486.jpg,data/nyu_datasets/00486.png
data/nyu_datasets/00398.jpg,data/nyu_datasets/00398.png
data/nyu_datasets/01441.jpg,data/nyu_datasets/01441.png
data/nyu_datasets/00094.jpg,data/nyu_datasets/00094.png
data/nyu_datasets/00556.jpg,data/nyu_datasets/00556.png
data/nyu_datasets/00465.jpg,data/nyu_datasets/00465.png
data/nyu_datasets/00467.jpg,data/nyu_datasets/00467.png
data/nyu_datasets/01077.jpg,data/nyu_datasets/01077.png
data/nyu_datasets/00609.jpg,data/nyu_datasets/00609.png
data/nyu_datasets/00348.jpg,data/nyu_datasets/00348.png
data/nyu_datasets/00978.jpg,data/nyu_datasets/00978.png
data/nyu_datasets/01157.jpg,data/nyu_datasets/01157.png
data/nyu_datasets/00910.jpg,data/nyu_datasets/00910.png
data/nyu_datasets/00662.jpg,data/nyu_datasets/00662.png
data/nyu_datasets/00785.jpg,data/nyu_datasets/00785.png
data/nyu_datasets/00848.jpg,data/nyu_datasets/00848.png
data/nyu_datasets/01221.jpg,data/nyu_datasets/01221.png
data/nyu_datasets/01017.jpg,data/nyu_datasets/01017.png
data/nyu_datasets/00674.jpg,data/nyu_datasets/00674.png
data/nyu_datasets/00293.jpg,data/nyu_datasets/00293.png
data/nyu_datasets/01302.jpg,data/nyu_datasets/01302.png
data/nyu_datasets/00440.jpg,data/nyu_datasets/00440.png
data/nyu_datasets/00438.jpg,data/nyu_datasets/00438.png
data/nyu_datasets/00033.jpg,data/nyu_datasets/00033.png
data/nyu_datasets/00482.jpg,data/nyu_datasets/00482.png
data/nyu_datasets/00194.jpg,data/nyu_datasets/00194.png
data/nyu_datasets/01300.jpg,data/nyu_datasets/01300.png
data/nyu_datasets/00426.jpg,data/nyu_datasets/00426.png
data/nyu_datasets/00439.jpg,data/nyu_datasets/00439.png
data/nyu_datasets/00003.jpg,data/nyu_datasets/00003.png
data/nyu_datasets/01420.jpg,data/nyu_datasets/01420.png
data/nyu_datasets/01127.jpg,data/nyu_datasets/01127.png
data/nyu_datasets/01002.jpg,data/nyu_datasets/01002.png
data/nyu_datasets/01072.jpg,data/nyu_datasets/01072.png
data/nyu_datasets/01435.jpg,data/nyu_datasets/01435.png
data/nyu_datasets/00187.jpg,data/nyu_datasets/00187.png
data/nyu_datasets/00563.jpg,data/nyu_datasets/00563.png
data/nyu_datasets/01291.jpg,data/nyu_datasets/01291.png
data/nyu_datasets/01230.jpg,data/nyu_datasets/01230.png
data/nyu_datasets/00306.jpg,data/nyu_datasets/00306.png
data/nyu_datasets/01080.jpg,data/nyu_datasets/01080.png
data/nyu_datasets/00663.jpg,data/nyu_datasets/00663.png
data/nyu_datasets/01138.jpg,data/nyu_datasets/01138.png
data/nyu_datasets/00388.jpg,data/nyu_datasets/00388.png
data/nyu_datasets/00950.jpg,data/nyu_datasets/00950.png
data/nyu_datasets/00606.jpg,data/nyu_datasets/00606.png
data/nyu_datasets/01279.jpg,data/nyu_datasets/01279.png
data/nyu_datasets/01145.jpg,data/nyu_datasets/01145.png
data/nyu_datasets/00501.jpg,data/nyu_datasets/00501.png
data/nyu_datasets/00887.jpg,data/nyu_datasets/00887.png
data/nyu_datasets/00073.jpg,data/nyu_datasets/00073.png
data/nyu_datasets/01106.jpg,data/nyu_datasets/01106.png
data/nyu_datasets/01400.jpg,data/nyu_datasets/01400.png
data/nyu_datasets/01171.jpg,data/nyu_datasets/01171.png
data/nyu_datasets/00337.jpg,data/nyu_datasets/00337.png
data/nyu_datasets/00081.jpg,data/nyu_datasets/00081.png
data/nyu_datasets/01116.jpg,data/nyu_datasets/01116.png
data/nyu_datasets/01297.jpg,data/nyu_datasets/01297.png
data/nyu_datasets/00225.jpg,data/nyu_datasets/00225.png
data/nyu_datasets/00237.jpg,data/nyu_datasets/00237.png
data/nyu_datasets/00048.jpg,data/nyu_datasets/00048.png
data/nyu_datasets/00741.jpg,data/nyu_datasets/00741.png
data/nyu_datasets/00571.jpg,data/nyu_datasets/00571.png
data/nyu_datasets/00542.jpg,data/nyu_datasets/00542.png
data/nyu_datasets/00734.jpg,data/nyu_datasets/00734.png
data/nyu_datasets/00746.jpg,data/nyu_datasets/00746.png
data/nyu_datasets/01333.jpg,data/nyu_datasets/01333.png
data/nyu_datasets/00700.jpg,data/nyu_datasets/00700.png
data/nyu_datasets/00745.jpg,data/nyu_datasets/00745.png
data/nyu_datasets/00463.jpg,data/nyu_datasets/00463.png
data/nyu_datasets/00298.jpg,data/nyu_datasets/00298.png
data/nyu_datasets/00193.jpg,data/nyu_datasets/00193.png
data/nyu_datasets/00996.jpg,data/nyu_datasets/00996.png
data/nyu_datasets/00685.jpg,data/nyu_datasets/00685.png
data/nyu_datasets/00839.jpg,data/nyu_datasets/00839.png
data/nyu_datasets/00432.jpg,data/nyu_datasets/00432.png
data/nyu_datasets/00197.jpg,data/nyu_datasets/00197.png
data/nyu_datasets/00665.jpg,data/nyu_datasets/00665.png
data/nyu_datasets/01049.jpg,data/nyu_datasets/01049.png
data/nyu_datasets/00495.jpg,data/nyu_datasets/00495.png
data/nyu_datasets/00628.jpg,data/nyu_datasets/00628.png
data/nyu_datasets/00818.jpg,data/nyu_datasets/00818.png
data/nyu_datasets/00955.jpg,data/nyu_datasets/00955.png
data/nyu_datasets/00365.jpg,data/nyu_datasets/00365.png
data/nyu_datasets/01210.jpg,data/nyu_datasets/01210.png
data/nyu_datasets/00135.jpg,data/nyu_datasets/00135.png
data/nyu_datasets/00939.jpg,data/nyu_datasets/00939.png
data/nyu_datasets/00664.jpg,data/nyu_datasets/00664.png
data/nyu_datasets/01197.jpg,data/nyu_datasets/01197.png
data/nyu_datasets/01253.jpg,data/nyu_datasets/01253.png
data/nyu_datasets/01022.jpg,data/nyu_datasets/01022.png
data/nyu_datasets/00301.jpg,data/nyu_datasets/00301.png
data/nyu_datasets/00634.jpg,data/nyu_datasets/00634.png
data/nyu_datasets/01444.jpg,data/nyu_datasets/01444.png
data/nyu_datasets/00925.jpg,data/nyu_datasets/00925.png
data/nyu_datasets/01311.jpg,data/nyu_datasets/01311.png
data/nyu_datasets/01040.jpg,data/nyu_datasets/01040.png
data/nyu_datasets/00020.jpg,data/nyu_datasets/00020.png
data/nyu_datasets/00928.jpg,data/nyu_datasets/00928.png
data/nyu_datasets/00502.jpg,data/nyu_datasets/00502.png
data/nyu_datasets/00100.jpg,data/nyu_datasets/00100.png
data/nyu_datasets/00017.jpg,data/nyu_datasets/00017.png
data/nyu_datasets/00165.jpg,data/nyu_datasets/00165.png
data/nyu_datasets/00709.jpg,data/nyu_datasets/00709.png
data/nyu_datasets/00953.jpg,data/nyu_datasets/00953.png
data/nyu_datasets/00588.jpg,data/nyu_datasets/00588.png
data/nyu_datasets/01104.jpg,data/nyu_datasets/01104.png
data/nyu_datasets/01247.jpg,data/nyu_datasets/01247.png
data/nyu_datasets/01169.jpg,data/nyu_datasets/01169.png
data/nyu_datasets/01273.jpg,data/nyu_datasets/01273.png
data/nyu_datasets/00582.jpg,data/nyu_datasets/00582.png
data/nyu_datasets/00084.jpg,data/nyu_datasets/00084.png
data/nyu_datasets/00319.jpg,data/nyu_datasets/00319.png
data/nyu_datasets/01418.jpg,data/nyu_datasets/01418.png
data/nyu_datasets/00092.jpg,data/nyu_datasets/00092.png
data/nyu_datasets/00719.jpg,data/nyu_datasets/00719.png
data/nyu_datasets/00534.jpg,data/nyu_datasets/00534.png
data/nyu_datasets/00514.jpg,data/nyu_datasets/00514.png
data/nyu_datasets/00466.jpg,data/nyu_datasets/00466.png
data/nyu_datasets/00863.jpg,data/nyu_datasets/00863.png
data/nyu_datasets/00584.jpg,data/nyu_datasets/00584.png
